id,response_id,survey_version,submitted_at,duration_seconds,consent,age_confirmed,age_group,gender,answers
002db400-8bef-4652-80bc-1f387bfba6d8,c64b47b6-039a-416a-b129-a37c2a6309af,1.0,2026-06-18 23:14:59.3327+00,201,true,true,21_24,woman,"{""gender"":""woman"",""age_group"":""21_24"",""voice_traits"":[""warmth"",""emotion"",""distance""],""main_concerns"":[""dependency"",""price""],""memory_content"":[""nickname_preferences"",""relationship_moments"",""emotional_disclosures""],""memory_control"":""auto_save_deletable"",""one_thing_wish"":"""",""trial_intention"":""very_interested"",""price_willingness"":""10_30"",""proactive_contact"":""user_defined"",""ai_companion_usage"":""frequent"",""companion_scenarios"":[""before_sleep"",""stressed_or_low"",""share_daily_life""],""preferred_experiences"":[""voice_workshop"",""shared_memory"",""proactive_voice"",""relationship_boundaries""],""preferred_interaction"":""continuous_call"",""voice_customization_interest"":""5""}"
0aa1265e-68b3-4396-b6e4-786999bb6e6d,115f1a25-992c-4336-a3e9-e557d9b45c46,1.0,2026-06-19 11:50:50.607164+00,190,true,true,21_24,woman,"{""gender"":""woman"",""age_group"":""21_24"",""voice_traits"":[""warmth"",""distance"",""accent""],""main_concerns"":[""privacy"",""dependency"",""price""],""memory_content"":[""nickname_preferences"",""ongoing_events"",""important_dates"",""relationship_moments"",""emotional_disclosures""],""memory_control"":""auto_save_deletable"",""one_thing_wish"":""听得懂人话"",""trial_intention"":""very_interested"",""price_willingness"":""10_30"",""proactive_contact"":""user_defined"",""ai_companion_usage"":""never"",""companion_scenarios"":[""before_sleep"",""stressed_or_low""],""preferred_experiences"":[""voice_workshop"",""situational_call"",""shared_memory"",""proactive_voice"",""relationship_boundaries""],""preferred_interaction"":""continuous_call"",""voice_customization_interest"":""5""}"
0bf12f9b-97d1-43ef-9716-7425bdf1a819,39a347e1-de47-4735-91f3-4673afdecfb3,1.0,2026-06-19 13:27:10.948741+00,263,true,true,41_plus,man,"{""gender"":""man"",""age_group"":""41_plus"",""voice_traits"":[""emotion"",""brightness_depth""],""main_concerns"":[""privacy"",""wrong_memory""],""memory_content"":[""nickname_preferences"",""relationship_moments"",""emotional_disclosures""],""memory_control"":""ai_suggest_user_confirm"",""one_thing_wish"":""低落时鼓励"",""trial_intention"":""somewhat_interested"",""price_willingness"":""under_10"",""proactive_contact"":""user_defined"",""ai_companion_usage"":""frequent"",""companion_scenarios"":[""before_sleep"",""stressed_or_low""],""preferred_experiences"":[""situational_call"",""proactive_voice""],""preferred_interaction"":""continuous_call"",""voice_customization_interest"":""4""}"
10a3593a-039e-46ed-bd33-68cd1ae4f681,77e75850-f7b9-46b4-8b9e-54be1f9e9d2a,1.0,2026-06-19 13:44:08.135005+00,206,true,true,21_24,man,"{""gender"":""man"",""age_group"":""21_24"",""voice_traits"":[""warmth"",""emotion""],""main_concerns"":[""privacy"",""wrong_memory""],""memory_content"":[""nickname_preferences"",""ongoing_events"",""relationship_moments"",""emotional_disclosures""],""memory_control"":""ai_suggest_user_confirm"",""one_thing_wish"":""可以记住我和他说过的经历，然后继续其它聊天"",""trial_intention"":""very_interested"",""price_willingness"":""10_30"",""proactive_contact"":""only_in_app"",""ai_companion_usage"":""occasional"",""companion_scenarios"":[""stressed_or_low"",""relax_or_bored""],""preferred_experiences"":[""situational_call"",""shared_memory""],""preferred_interaction"":""text"",""voice_customization_interest"":""4""}"
2140f1d7-2493-4f68-9d58-27bacfc75d44,634102f7-5a30-4c24-8277-75f9d77e38ba,1.0,2026-06-19 13:53:26.881862+00,104,true,true,18_20,prefer_not,"{""gender"":""prefer_not"",""age_group"":""18_20"",""voice_traits"":[""warmth""],""main_concerns"":[""wrong_memory"",""stability""],""memory_content"":[""nickname_preferences"",""ongoing_events"",""important_dates"",""relationship_moments""],""memory_control"":""manual_only"",""one_thing_wish"":""理性分析我的诉求。"",""trial_intention"":""somewhat_interested"",""price_willingness"":""free_only"",""proactive_contact"":""only_in_app"",""ai_companion_usage"":""frequent"",""companion_scenarios"":[""commute_or_alone"",""relax_or_bored""],""preferred_experiences"":[""voice_workshop""],""preferred_interaction"":""text"",""voice_customization_interest"":""3""}"
37646607-3e88-4722-89b7-c4a56cb40369,2eee3e5a-fc45-4129-b615-5534d985fd4e,1.0,2026-06-19 12:31:57.052658+00,119,true,true,21_24,man,"{""gender"":""man"",""age_group"":""21_24"",""voice_traits"":[""warmth"",""emotion"",""distance""],""main_concerns"":[""privacy"",""wrong_memory"",""stability""],""memory_content"":[""ongoing_events"",""important_dates"",""relationship_moments"",""emotional_disclosures""],""memory_control"":""auto_save_deletable"",""one_thing_wish"":"""",""trial_intention"":""somewhat_interested"",""price_willingness"":""under_10"",""proactive_contact"":""once_daily"",""ai_companion_usage"":""occasional"",""companion_scenarios"":[""commute_or_alone"",""share_daily_life"",""relax_or_bored""],""preferred_experiences"":[""voice_workshop"",""shared_memory"",""relationship_boundaries""],""preferred_interaction"":""depends"",""voice_customization_interest"":""4""}"
3ba59b69-2473-4f89-bd71-ee02a29c61a9,99f684d3-5280-4f6d-94c3-cfa589ae08ff,1.0,2026-06-20 09:14:06.177732+00,89,true,true,18_20,woman,"{""gender"":""woman"",""age_group"":""18_20"",""voice_traits"":[""warmth"",""accent"",""brightness_depth""],""main_concerns"":[""privacy"",""wrong_memory"",""boundary_crossing""],""memory_content"":[""nickname_preferences"",""ongoing_events"",""important_dates"",""relationship_moments"",""emotional_disclosures""],""memory_control"":""auto_save_deletable"",""one_thing_wish"":"""",""trial_intention"":""somewhat_interested"",""price_willingness"":""under_10"",""proactive_contact"":""user_defined"",""ai_companion_usage"":""never"",""companion_scenarios"":[""stressed_or_low""],""preferred_experiences"":[""voice_workshop""],""preferred_interaction"":""continuous_call"",""voice_customization_interest"":""5""}"
40baacc7-55ad-4155-a040-2fe29b1d1de9,fad0bb12-6dbf-484c-9a96-98937b89e402,1.0,2026-06-19 13:43:54.989171+00,175,true,true,21_24,man,"{""gender"":""man"",""age_group"":""21_24"",""voice_traits"":[""warmth"",""emotion"",""distance""],""main_concerns"":[""privacy"",""unnatural_voice"",""boundary_crossing""],""memory_content"":[""relationship_moments"",""emotional_disclosures""],""memory_control"":""ai_suggest_user_confirm"",""one_thing_wish"":"""",""trial_intention"":""somewhat_interested"",""price_willingness"":""10_30"",""proactive_contact"":""only_in_app"",""ai_companion_usage"":""frequent"",""companion_scenarios"":[""stressed_or_low""],""preferred_experiences"":[""voice_workshop"",""situational_call"",""shared_memory""],""preferred_interaction"":""voice_messages"",""voice_customization_interest"":""4""}"
422358e2-d2d7-4827-b066-0b8a9e04e90e,222dbca4-4853-4753-9367-4cdd05f19040,1.0,2026-06-18 22:41:15.788565+00,120,true,true,21_24,woman,"{""gender"":""woman"",""age_group"":""21_24"",""voice_traits"":[""warmth"",""pace"",""distance""],""main_concerns"":[""privacy"",""boundary_crossing"",""price""],""memory_content"":[""ongoing_events"",""important_dates"",""relationship_moments""],""memory_control"":""ai_suggest_user_confirm"",""one_thing_wish"":"""",""trial_intention"":""somewhat_interested"",""price_willingness"":""free_only"",""proactive_contact"":""only_in_app"",""ai_companion_usage"":""tried_once_or_twice"",""companion_scenarios"":[""none""],""preferred_experiences"":[""voice_workshop"",""shared_memory""],""preferred_interaction"":""continuous_call"",""voice_customization_interest"":""3""}"
4613d6a7-4e28-4a86-a558-754f695df853,7dd70973-d98f-4eb4-bf9a-915dfaa3955e,1.0,2026-06-19 14:19:49.299944+00,392,true,true,18_20,woman,"{""gender"":""woman"",""age_group"":""18_20"",""voice_traits"":[""warmth"",""emotion"",""distance""],""main_concerns"":[""privacy"",""unnatural_voice"",""boundary_crossing""],""memory_content"":[""nickname_preferences"",""important_dates"",""relationship_moments"",""emotional_disclosures""],""memory_control"":""auto_save_deletable"",""one_thing_wish"":""可以记住我分享的事，关注我的喜好，注意我的态度。"",""trial_intention"":""uncertain"",""price_willingness"":""under_10"",""proactive_contact"":""user_defined"",""ai_companion_usage"":""never"",""companion_scenarios"":[""commute_or_alone"",""stressed_or_low"",""share_daily_life""],""preferred_experiences"":[""voice_workshop"",""situational_call"",""shared_memory"",""proactive_voice"",""relationship_boundaries""],""preferred_interaction"":""depends"",""voice_customization_interest"":""4""}"
49d21483-4ccf-42f0-8b42-c4c57c5f52c0,00411937-ca74-4b71-bdab-a3be84097155,1.0,2026-06-19 12:19:51.877919+00,156,true,true,25_30,woman,"{""gender"":""woman"",""age_group"":""25_30"",""voice_traits"":[""warmth"",""pace"",""emotion""],""main_concerns"":[""privacy"",""dependency"",""stability""],""memory_content"":[""nickname_preferences"",""important_dates"",""emotional_disclosures""],""memory_control"":""auto_save_deletable"",""one_thing_wish"":""拯救贫苦人"",""trial_intention"":""somewhat_interested"",""price_willingness"":""10_30"",""proactive_contact"":""user_defined"",""ai_companion_usage"":""occasional"",""companion_scenarios"":[""share_daily_life"",""relax_or_bored""],""preferred_experiences"":[""shared_memory"",""relationship_boundaries""],""preferred_interaction"":""depends"",""voice_customization_interest"":""3""}"
5b320a2d-6060-4688-b632-2f93794b8143,8dd2cfc9-56a5-46b0-89be-9bd5575c726b,1.0,2026-06-19 17:24:39.566337+00,65,true,true,21_24,,"{""age_group"":""21_24"",""voice_traits"":[""warmth""],""main_concerns"":[""privacy"",""boundary_crossing"",""price""],""memory_content"":[""nickname_preferences""],""memory_control"":""auto_save_deletable"",""one_thing_wish"":"""",""trial_intention"":""somewhat_interested"",""price_willingness"":""free_only"",""proactive_contact"":""only_in_app"",""ai_companion_usage"":""occasional"",""companion_scenarios"":[""stressed_or_low""],""preferred_experiences"":[""relationship_boundaries""],""preferred_interaction"":""text"",""voice_customization_interest"":""3""}"
5d91b7dd-2859-429d-9208-ab6f78c3e2d0,be9d435b-4595-4f42-9e9c-d7518c4bea6b,1.0,2026-06-19 12:00:48.825794+00,160,true,true,21_24,woman,"{""gender"":""woman"",""age_group"":""21_24"",""voice_traits"":[""warmth"",""emotion""],""main_concerns"":[""privacy"",""wrong_memory"",""boundary_crossing""],""memory_content"":[""nickname_preferences"",""important_dates"",""relationship_moments"",""emotional_disclosures""],""memory_control"":""auto_save_deletable"",""one_thing_wish"":"""",""trial_intention"":""somewhat_interested"",""price_willingness"":""free_only"",""proactive_contact"":""event_followup"",""ai_companion_usage"":""frequent"",""companion_scenarios"":[""before_sleep"",""stressed_or_low""],""preferred_experiences"":[""voice_workshop"",""shared_memory""],""preferred_interaction"":""text"",""voice_customization_interest"":""4""}"
654bd31f-513a-409d-a4ac-dbe59b502039,f8ad91cb-47b7-44e1-ae2e-7f7fe69dc52c,1.0,2026-06-19 13:46:11.081368+00,445,true,true,41_plus,man,"{""gender"":""man"",""age_group"":""41_plus"",""voice_traits"":[""warmth"",""distance""],""main_concerns"":[""dependency"",""stability""],""memory_content"":[""nickname_preferences"",""important_dates""],""memory_control"":""auto_save_deletable"",""one_thing_wish"":""情绪疏导"",""trial_intention"":""somewhat_interested"",""price_willingness"":""under_10"",""proactive_contact"":""event_followup"",""ai_companion_usage"":""never"",""companion_scenarios"":[""stressed_or_low"",""share_daily_life"",""relax_or_bored""],""preferred_experiences"":[""situational_call"",""shared_memory"",""proactive_voice""],""preferred_interaction"":""continuous_call"",""voice_customization_interest"":""4""}"
69e6a6fd-b53c-4507-a22e-7ff5aae99232,74e2251b-3a3f-4ae9-826e-40f2c5e98e48,1.0,2026-06-18 23:49:54.833463+00,80,true,true,21_24,woman,"{""gender"":""woman"",""age_group"":""21_24"",""voice_traits"":[""distance""],""main_concerns"":[""privacy""],""memory_content"":[""relationship_moments""],""memory_control"":""auto_save_deletable"",""one_thing_wish"":"""",""trial_intention"":""somewhat_interested"",""price_willingness"":""free_only"",""proactive_contact"":""only_in_app"",""ai_companion_usage"":""occasional"",""companion_scenarios"":[""none""],""preferred_experiences"":[""shared_memory""],""preferred_interaction"":""depends"",""voice_customization_interest"":""3""}"
6f00d75b-5de7-4432-a1b2-1751bdb03742,e837f6ee-5d38-4ce2-99db-bf0454674c28,1.0,2026-06-20 04:41:25.885677+00,258,true,true,21_24,man,"{""gender"":""man"",""age_group"":""21_24"",""voice_traits"":[""warmth"",""emotion"",""distance""],""main_concerns"":[""privacy"",""unnatural_voice"",""price""],""memory_content"":[""nickname_preferences"",""ongoing_events"",""important_dates"",""relationship_moments"",""emotional_disclosures""],""memory_control"":""auto_save_deletable"",""one_thing_wish"":""记忆使用者的个人生活或工作习惯，及时提供最能被使用者个人接受的情感反馈"",""trial_intention"":""very_interested"",""price_willingness"":""10_30"",""proactive_contact"":""event_followup"",""ai_companion_usage"":""tried_once_or_twice"",""companion_scenarios"":[""none""],""preferred_experiences"":[""voice_workshop"",""situational_call"",""shared_memory"",""proactive_voice"",""relationship_boundaries""],""preferred_interaction"":""continuous_call"",""voice_customization_interest"":""5""}"
7679c2d2-347f-4d6a-92b7-570eec7d813c,aa645ca7-21b2-4305-9c12-83e71f66e160,1.0,2026-06-19 13:33:31.585133+00,358,true,true,41_plus,woman,"{""gender"":""woman"",""age_group"":""41_plus"",""voice_traits"":[""warmth"",""emotion"",""brightness_depth""],""main_concerns"":[""privacy"",""dependency"",""price""],""memory_content"":[""nickname_preferences"",""ongoing_events"",""important_dates"",""relationship_moments""],""memory_control"":""auto_save_deletable"",""one_thing_wish"":""做我的私人助理"",""trial_intention"":""uncertain"",""price_willingness"":""10_30"",""proactive_contact"":""user_defined"",""ai_companion_usage"":""tried_once_or_twice"",""companion_scenarios"":[""stressed_or_low""],""preferred_experiences"":[""voice_workshop"",""situational_call"",""relationship_boundaries""],""preferred_interaction"":""continuous_call"",""voice_customization_interest"":""4""}"
76bc241a-04b5-43a9-adb8-04ed2ac4a8de,2572c1aa-038f-4941-9bbc-2ae37baff9d2,1.0,2026-06-20 00:00:19.728406+00,172,true,true,21_24,woman,"{""gender"":""woman"",""age_group"":""21_24"",""voice_traits"":[""warmth"",""emotion"",""distance""],""main_concerns"":[""privacy"",""unnatural_voice"",""price""],""memory_content"":[""nickname_preferences"",""ongoing_events"",""important_dates"",""relationship_moments"",""emotional_disclosures""],""memory_control"":""manual_only"",""one_thing_wish"":"""",""trial_intention"":""not_interested"",""price_willingness"":""10_30"",""proactive_contact"":""only_in_app"",""ai_companion_usage"":""never"",""companion_scenarios"":[""none""],""preferred_experiences"":[""shared_memory"",""proactive_voice"",""relationship_boundaries""],""preferred_interaction"":""depends"",""voice_customization_interest"":""3""}"
79e08904-86c0-41d5-9358-8a0be2b27085,153321d9-ffba-4975-9ec6-e0a3ca9afb5a,1.0,2026-06-19 13:04:41.230577+00,156,true,true,21_24,woman,"{""gender"":""woman"",""age_group"":""21_24"",""voice_traits"":[""emotion"",""distance""],""main_concerns"":[""privacy"",""unnatural_voice"",""boundary_crossing""],""memory_content"":[""nickname_preferences"",""important_dates"",""emotional_disclosures""],""memory_control"":""ai_suggest_user_confirm"",""one_thing_wish"":""真实地表达情感，不是客套说教"",""trial_intention"":""very_interested"",""price_willingness"":""10_30"",""proactive_contact"":""once_daily"",""ai_companion_usage"":""frequent"",""companion_scenarios"":[""before_sleep"",""stressed_or_low""],""preferred_experiences"":[""voice_workshop"",""proactive_voice""],""preferred_interaction"":""continuous_call"",""voice_customization_interest"":""4""}"
7a0fb728-d914-42f2-98bd-8ad6c6694051,1108d189-fbda-4805-ab66-6fe56f71faf9,1.0,2026-06-19 12:41:29.6689+00,199,true,true,21_24,woman,"{""gender"":""woman"",""age_group"":""21_24"",""voice_traits"":[""warmth"",""emotion"",""accent""],""main_concerns"":[""privacy"",""unnatural_voice"",""boundary_crossing""],""memory_content"":[""nickname_preferences"",""ongoing_events"",""important_dates"",""relationship_moments"",""emotional_disclosures""],""memory_control"":""auto_save_deletable"",""one_thing_wish"":""陪伴"",""trial_intention"":""somewhat_interested"",""price_willingness"":""10_30"",""proactive_contact"":""user_defined"",""ai_companion_usage"":""never"",""companion_scenarios"":[""stressed_or_low""],""preferred_experiences"":[""voice_workshop"",""situational_call"",""shared_memory"",""proactive_voice"",""relationship_boundaries""],""preferred_interaction"":""depends"",""voice_customization_interest"":""1""}"
8a702af8-e397-4e14-ac49-20e03b053430,a5e3f8a1-72df-443a-890b-834572da5c31,1.0,2026-06-19 12:31:04.757058+00,107,true,true,21_24,woman,"{""gender"":""woman"",""age_group"":""21_24"",""voice_traits"":[""warmth"",""distance"",""accent""],""main_concerns"":[""privacy"",""dependency""],""memory_content"":[""nickname_preferences"",""ongoing_events"",""relationship_moments"",""emotional_disclosures""],""memory_control"":""auto_save_deletable"",""one_thing_wish"":""陪伴吧"",""trial_intention"":""somewhat_interested"",""price_willingness"":""under_10"",""proactive_contact"":""user_defined"",""ai_companion_usage"":""frequent"",""companion_scenarios"":[""stressed_or_low"",""share_daily_life"",""relax_or_bored""],""preferred_experiences"":[""voice_workshop"",""shared_memory"",""proactive_voice""],""preferred_interaction"":""text"",""voice_customization_interest"":""5""}"
93778a9b-eb0d-4518-b61a-32e38535d1a6,083aca47-b916-486c-bbc5-59cff6461dc6,1.0,2026-06-19 13:03:54.587323+00,209,true,true,21_24,,"{""age_group"":""21_24"",""voice_traits"":[""emotion""],""main_concerns"":[""none""],""memory_content"":[""nickname_preferences"",""ongoing_events""],""memory_control"":""auto_save_deletable"",""one_thing_wish"":""诉说"",""trial_intention"":""somewhat_interested"",""price_willingness"":""under_10"",""proactive_contact"":""only_in_app"",""ai_companion_usage"":""occasional"",""companion_scenarios"":[""before_sleep"",""commute_or_alone"",""stressed_or_low""],""preferred_experiences"":[""voice_workshop""],""preferred_interaction"":""text"",""voice_customization_interest"":""2""}"
94973e98-3ed1-49d2-bf60-272041663848,ff1ba2c9-0e91-4a06-99a9-a6a897c304ca,1.0,2026-06-19 12:09:05.231123+00,69,true,true,21_24,man,"{""gender"":""man"",""age_group"":""21_24"",""voice_traits"":[""warmth"",""pace"",""accent""],""main_concerns"":[""privacy"",""wrong_memory"",""stability""],""memory_content"":[""ongoing_events"",""emotional_disclosures""],""memory_control"":""auto_save_deletable"",""one_thing_wish"":"""",""trial_intention"":""somewhat_interested"",""price_willingness"":""under_10"",""proactive_contact"":""user_defined"",""ai_companion_usage"":""frequent"",""companion_scenarios"":[""before_sleep"",""stressed_or_low"",""share_daily_life""],""preferred_experiences"":[""situational_call""],""preferred_interaction"":""continuous_call"",""voice_customization_interest"":""4""}"
99e6d2a6-e64c-4b51-bc96-36b62b075416,277ddbc4-03b4-437e-a8b0-63a82174c4f8,1.0,2026-06-19 12:21:50.128508+00,92,true,true,25_30,woman,"{""gender"":""woman"",""age_group"":""25_30"",""voice_traits"":[""no_adjustment""],""main_concerns"":[""none""],""memory_content"":[""nickname_preferences""],""memory_control"":""auto_save_deletable"",""one_thing_wish"":"""",""trial_intention"":""uncertain"",""price_willingness"":""10_30"",""proactive_contact"":""event_followup"",""ai_companion_usage"":""occasional"",""companion_scenarios"":[""relax_or_bored""],""preferred_experiences"":[""none""],""preferred_interaction"":""text"",""voice_customization_interest"":""3""}"
9b2b01f1-831e-4d4b-97f6-cfe7f47b7303,d4099121-4c95-428e-ac02-2c7edfe24e15,1.0,2026-06-19 13:30:40.161605+00,110,true,true,prefer_not,prefer_not,"{""gender"":""prefer_not"",""age_group"":""prefer_not"",""voice_traits"":[""no_adjustment""],""main_concerns"":[""privacy""],""memory_content"":[""nothing_default""],""memory_control"":""manual_only"",""one_thing_wish"":"""",""trial_intention"":""somewhat_interested"",""price_willingness"":""free_only"",""proactive_contact"":""never"",""ai_companion_usage"":""occasional"",""companion_scenarios"":[""relax_or_bored""],""preferred_experiences"":[""none""],""preferred_interaction"":""text"",""voice_customization_interest"":""3""}"
9be23d6c-245d-461e-b59e-92b17bacde26,9549d3c4-9a03-4b16-ba97-add6d30f66f1,1.0,2026-06-19 21:47:09.590215+00,146,true,true,41_plus,man,"{""gender"":""man"",""age_group"":""41_plus"",""voice_traits"":[""pace"",""emotion"",""distance""],""main_concerns"":[""privacy""],""memory_content"":[""important_dates""],""memory_control"":""no_long_term_memory"",""one_thing_wish"":"""",""trial_intention"":""uncertain"",""price_willingness"":""free_only"",""proactive_contact"":""user_defined"",""ai_companion_usage"":""never"",""companion_scenarios"":[""stressed_or_low""],""preferred_experiences"":[""situational_call"",""proactive_voice"",""relationship_boundaries""],""preferred_interaction"":""continuous_call"",""voice_customization_interest"":""3""}"
9e45572f-61f3-4fdd-91ad-d679c8c62517,2bf432aa-40a0-48df-aa05-92ff72e6d271,1.0,2026-06-19 14:07:30.491046+00,101,true,true,18_20,woman,"{""gender"":""woman"",""age_group"":""18_20"",""voice_traits"":[""no_adjustment""],""main_concerns"":[""privacy""],""memory_content"":[""nothing_default""],""memory_control"":""ai_suggest_user_confirm"",""one_thing_wish"":""给出解决方案"",""trial_intention"":""not_interested"",""price_willingness"":""under_10"",""proactive_contact"":""never"",""ai_companion_usage"":""occasional"",""companion_scenarios"":[""none""],""preferred_experiences"":[""none""],""preferred_interaction"":""text"",""voice_customization_interest"":""2""}"
9f613eaa-9dd6-4d14-8cd4-4548e4c564b2,e2dc0bc6-8bb3-4b1e-8146-03f67b501731,1.0,2026-06-19 12:57:43.360411+00,123,true,true,21_24,woman,"{""gender"":""woman"",""age_group"":""21_24"",""voice_traits"":[""warmth"",""emotion"",""brightness_depth""],""main_concerns"":[""privacy"",""boundary_crossing"",""price""],""memory_content"":[""nickname_preferences"",""ongoing_events"",""relationship_moments"",""emotional_disclosures""],""memory_control"":""ai_suggest_user_confirm"",""one_thing_wish"":""能够倾听并尝试情绪解析。"",""trial_intention"":""somewhat_interested"",""price_willingness"":""under_10"",""proactive_contact"":""user_defined"",""ai_companion_usage"":""occasional"",""companion_scenarios"":[""stressed_or_low""],""preferred_experiences"":[""situational_call"",""shared_memory"",""proactive_voice""],""preferred_interaction"":""continuous_call"",""voice_customization_interest"":""4""}"
a8c2e0a9-5dc9-49f5-b6c8-eefae145e297,5d9d59e7-f821-4942-86e5-b3efbe24269f,1.0,2026-06-19 12:19:18.670799+00,113,true,true,21_24,woman,"{""gender"":""woman"",""age_group"":""21_24"",""voice_traits"":[""warmth"",""pace"",""emotion""],""main_concerns"":[""privacy"",""dependency"",""stability""],""memory_content"":[""nickname_preferences"",""important_dates"",""relationship_moments""],""memory_control"":""auto_save_deletable"",""one_thing_wish"":""提醒"",""trial_intention"":""somewhat_interested"",""price_willingness"":""under_10"",""proactive_contact"":""only_in_app"",""ai_companion_usage"":""never"",""companion_scenarios"":[""stressed_or_low"",""share_daily_life"",""relax_or_bored""],""preferred_experiences"":[""voice_workshop"",""shared_memory"",""relationship_boundaries""],""preferred_interaction"":""depends"",""voice_customization_interest"":""1""}"
b1197d6b-a358-4bf7-bd67-f29491019e6e,d49d7845-d99c-4fff-9fe6-856a19642f2b,1.0,2026-06-19 16:40:10.349627+00,127,true,true,21_24,woman,"{""gender"":""woman"",""age_group"":""21_24"",""voice_traits"":[""warmth"",""pace"",""distance""],""main_concerns"":[""privacy"",""dependency"",""wrong_memory""],""memory_content"":[""nickname_preferences"",""relationship_moments"",""emotional_disclosures""],""memory_control"":""auto_save_deletable"",""one_thing_wish"":""在我有需要的时候提供陪伴和情绪价值"",""trial_intention"":""somewhat_interested"",""price_willingness"":""under_10"",""proactive_contact"":""user_defined"",""ai_companion_usage"":""frequent"",""companion_scenarios"":[""stressed_or_low""],""preferred_experiences"":[""voice_workshop"",""situational_call"",""shared_memory"",""proactive_voice"",""relationship_boundaries""],""preferred_interaction"":""continuous_call"",""voice_customization_interest"":""5""}"
b9a964c7-2b79-4b8c-b079-1804dcd638ed,3a686f1f-929a-47ed-9661-74d92a885936,1.0,2026-06-20 01:45:32.886731+00,73,true,true,21_24,woman,"{""gender"":""woman"",""age_group"":""21_24"",""voice_traits"":[""emotion"",""distance""],""main_concerns"":[""privacy"",""dependency""],""memory_content"":[""nickname_preferences"",""emotional_disclosures""],""memory_control"":""auto_save_deletable"",""one_thing_wish"":"""",""trial_intention"":""somewhat_interested"",""price_willingness"":""free_only"",""proactive_contact"":""user_defined"",""ai_companion_usage"":""never"",""companion_scenarios"":[""stressed_or_low"",""share_daily_life""],""preferred_experiences"":[""voice_workshop""],""preferred_interaction"":""text"",""voice_customization_interest"":""3""}"
ba2aabe4-d5fa-4aeb-bd05-4ba61c4a8dea,9213c3d5-b7ff-457a-a3b3-ddb478af3ba6,1.0,2026-06-19 12:55:21.116268+00,95,true,true,21_24,woman,"{""gender"":""woman"",""age_group"":""21_24"",""voice_traits"":[""warmth"",""distance"",""brightness_depth""],""main_concerns"":[""privacy"",""unnatural_voice"",""boundary_crossing""],""memory_content"":[""nickname_preferences"",""important_dates"",""relationship_moments"",""emotional_disclosures""],""memory_control"":""auto_save_deletable"",""one_thing_wish"":""陪伴"",""trial_intention"":""somewhat_interested"",""price_willingness"":""under_10"",""proactive_contact"":""user_defined"",""ai_companion_usage"":""never"",""companion_scenarios"":[""stressed_or_low"",""share_daily_life""],""preferred_experiences"":[""shared_memory""],""preferred_interaction"":""continuous_call"",""voice_customization_interest"":""5""}"
c3528cda-5548-4800-94ba-b74676a66146,bd4d91bc-273b-4a45-9bfb-b09ef9977921,1.0,2026-06-19 15:43:53.043461+00,136,true,true,18_20,woman,"{""gender"":""woman"",""age_group"":""18_20"",""voice_traits"":[""warmth"",""emotion""],""main_concerns"":[""unnatural_voice"",""boundary_crossing"",""stability""],""memory_content"":[""nickname_preferences"",""ongoing_events"",""important_dates"",""relationship_moments"",""emotional_disclosures""],""memory_control"":""auto_save_deletable"",""one_thing_wish"":""回答我的问题尽量诚实，不准为了讨好我去骗我"",""trial_intention"":""somewhat_interested"",""price_willingness"":""under_10"",""proactive_contact"":""user_defined"",""ai_companion_usage"":""frequent"",""companion_scenarios"":[""stressed_or_low"",""share_daily_life"",""relax_or_bored""],""preferred_experiences"":[""voice_workshop"",""shared_memory""],""preferred_interaction"":""depends"",""voice_customization_interest"":""3""}"
c90e1e36-870f-414a-b73a-02574951bb41,063ae79f-f559-48c1-9b44-59f1ca3f00dd,1.0,2026-06-20 09:02:21.931561+00,256,true,true,21_24,woman,"{""gender"":""woman"",""age_group"":""21_24"",""voice_traits"":[""warmth"",""emotion"",""distance""],""main_concerns"":[""privacy"",""dependency"",""price""],""memory_content"":[""nickname_preferences"",""important_dates"",""relationship_moments"",""emotional_disclosures""],""memory_control"":""ai_suggest_user_confirm"",""one_thing_wish"":"""",""trial_intention"":""somewhat_interested"",""price_willingness"":""under_10"",""proactive_contact"":""user_defined"",""ai_companion_usage"":""never"",""companion_scenarios"":[""stressed_or_low""],""preferred_experiences"":[""voice_workshop"",""relationship_boundaries""],""preferred_interaction"":""depends"",""voice_customization_interest"":""5""}"
c97ed6c8-b337-41f7-8e64-13b0758ebb4b,51d3c67c-2880-4651-b1cc-c27e0c36de84,1.0,2026-06-19 14:12:09.073937+00,256,true,true,21_24,woman,"{""gender"":""woman"",""age_group"":""21_24"",""voice_traits"":[""emotion"",""distance"",""accent""],""main_concerns"":[""none""],""memory_content"":[""nickname_preferences""],""memory_control"":""no_long_term_memory"",""one_thing_wish"":""给我实用建议"",""trial_intention"":""uncertain"",""price_willingness"":""free_only"",""proactive_contact"":""never"",""ai_companion_usage"":""occasional"",""companion_scenarios"":[""none""],""preferred_experiences"":[""none""],""preferred_interaction"":""depends"",""voice_customization_interest"":""3""}"
d404e7a6-253a-49ac-b00e-b822c6c07418,1412ee6e-3dc6-4813-b1e5-43ce2c7e5402,1.0,2026-06-19 12:02:00.121343+00,169,true,true,21_24,woman,"{""gender"":""woman"",""age_group"":""21_24"",""voice_traits"":[""distance"",""accent""],""main_concerns"":[""privacy"",""price"",""stability""],""memory_content"":[""nickname_preferences"",""ongoing_events"",""important_dates"",""relationship_moments"",""emotional_disclosures""],""memory_control"":""ai_suggest_user_confirm"",""one_thing_wish"":"""",""trial_intention"":""uncertain"",""price_willingness"":""free_only"",""proactive_contact"":""event_followup"",""ai_companion_usage"":""frequent"",""companion_scenarios"":[""commute_or_alone"",""stressed_or_low"",""relax_or_bored""],""preferred_experiences"":[""voice_workshop"",""shared_memory""],""preferred_interaction"":""text"",""voice_customization_interest"":""3""}"
d61e0230-33b5-4188-a667-0a4de265fd81,da4b20b8-d5c9-41e3-8749-670dda7a6ed9,1.0,2026-06-19 13:05:13.720138+00,151,true,true,21_24,woman,"{""gender"":""woman"",""age_group"":""21_24"",""voice_traits"":[""warmth"",""brightness_depth""],""main_concerns"":[""privacy"",""wrong_memory""],""memory_content"":[""ongoing_events"",""relationship_moments""],""memory_control"":""ai_suggest_user_confirm"",""one_thing_wish"":""cosplay"",""trial_intention"":""somewhat_interested"",""price_willingness"":""under_10"",""proactive_contact"":""user_defined"",""ai_companion_usage"":""tried_once_or_twice"",""companion_scenarios"":[""none""],""preferred_experiences"":[""situational_call""],""preferred_interaction"":""depends"",""voice_customization_interest"":""2""}"
d8f4ee24-549f-47e9-98f3-8e2542186ab1,bb09f268-c919-45c2-990a-2fd6923287ba,1.0,2026-06-19 13:54:29.065289+00,122,true,true,31_40,man,"{""gender"":""man"",""age_group"":""31_40"",""voice_traits"":[""accent""],""main_concerns"":[""stability""],""memory_content"":[""nickname_preferences""],""memory_control"":""auto_save_deletable"",""one_thing_wish"":"""",""trial_intention"":""somewhat_interested"",""price_willingness"":""free_only"",""proactive_contact"":""user_defined"",""ai_companion_usage"":""tried_once_or_twice"",""companion_scenarios"":[""none""],""preferred_experiences"":[""situational_call""],""preferred_interaction"":""continuous_call"",""voice_customization_interest"":""3""}"
da972453-09f0-4a5b-9d04-fbe84d28d8a0,a1a050a7-7048-4260-b6ca-0a4d7db36316,1.0,2026-06-19 12:26:50.624553+00,29,true,true,25_30,man,"{""gender"":""man"",""age_group"":""25_30"",""voice_traits"":[""pace""],""main_concerns"":[""wrong_memory""],""memory_content"":[""nickname_preferences""],""memory_control"":""auto_save_deletable"",""one_thing_wish"":"""",""trial_intention"":""uncertain"",""price_willingness"":""under_10"",""proactive_contact"":""event_followup"",""ai_companion_usage"":""occasional"",""companion_scenarios"":[""share_daily_life""],""preferred_experiences"":[""situational_call""],""preferred_interaction"":""voice_messages"",""voice_customization_interest"":""4""}"
dc868579-6f1b-4748-8316-6ff7f1abaacf,d3d5c309-3dcf-4d8b-9865-3d53ae0c0a4c,1.0,2026-06-19 12:56:12.391168+00,103,true,true,21_24,woman,"{""gender"":""woman"",""age_group"":""21_24"",""voice_traits"":[""no_adjustment""],""main_concerns"":[""privacy"",""wrong_memory""],""memory_content"":[""nothing_default""],""memory_control"":""auto_save_deletable"",""one_thing_wish"":"""",""trial_intention"":""somewhat_interested"",""price_willingness"":""free_only"",""proactive_contact"":""only_in_app"",""ai_companion_usage"":""frequent"",""companion_scenarios"":[""none""],""preferred_experiences"":[""relationship_boundaries""],""preferred_interaction"":""text"",""voice_customization_interest"":""2""}"
e38a8a13-9f38-4dec-bed9-3569f9cf4097,bdcdb915-ca68-44e9-8b80-2bee7a5a6372,1.0,2026-06-19 13:07:08.171607+00,83,true,true,21_24,woman,"{""gender"":""woman"",""age_group"":""21_24"",""voice_traits"":[""warmth"",""emotion"",""distance""],""main_concerns"":[""dependency""],""memory_content"":[""nickname_preferences"",""ongoing_events"",""emotional_disclosures""],""memory_control"":""auto_save_deletable"",""one_thing_wish"":"""",""trial_intention"":""very_interested"",""price_willingness"":""under_10"",""proactive_contact"":""user_defined"",""ai_companion_usage"":""frequent"",""companion_scenarios"":[""commute_or_alone"",""stressed_or_low"",""share_daily_life""],""preferred_experiences"":[""voice_workshop"",""shared_memory""],""preferred_interaction"":""voice_messages"",""voice_customization_interest"":""3""}"
eb47a465-4cc3-4ffa-9858-0184563bf87c,bd87caa6-31d2-4e9f-b67d-9e6dab5045f7,1.0,2026-06-19 12:05:12.481546+00,115,true,true,21_24,man,"{""gender"":""man"",""age_group"":""21_24"",""voice_traits"":[""emotion""],""main_concerns"":[""privacy"",""wrong_memory""],""memory_content"":[""nickname_preferences""],""memory_control"":""auto_save_deletable"",""one_thing_wish"":"""",""trial_intention"":""very_interested"",""price_willingness"":""under_10"",""proactive_contact"":""never"",""ai_companion_usage"":""frequent"",""companion_scenarios"":[""stressed_or_low"",""relax_or_bored""],""preferred_experiences"":[""none""],""preferred_interaction"":""depends"",""voice_customization_interest"":""3""}"
ed112b8f-54a1-4dac-b193-e58fa894226d,2a15f923-1f63-40c6-bc5f-80d857aa1470,1.0,2026-06-18 23:13:41.1204+00,1283,true,true,21_24,woman,"{""gender"":""woman"",""age_group"":""21_24"",""voice_traits"":[""warmth"",""emotion"",""distance""],""main_concerns"":[""privacy"",""wrong_memory"",""unnatural_voice""],""memory_content"":[""nickname_preferences"",""ongoing_events"",""important_dates"",""relationship_moments"",""emotional_disclosures""],""memory_control"":""auto_save_deletable"",""one_thing_wish"":""能够记清楚我给出的设定，以及正确理解我说的话，回复不要有偏差，"",""trial_intention"":""very_interested"",""price_willingness"":""under_10"",""proactive_contact"":""user_defined"",""ai_companion_usage"":""frequent"",""companion_scenarios"":[""before_sleep"",""commute_or_alone"",""stressed_or_low""],""preferred_experiences"":[""voice_workshop"",""situational_call"",""shared_memory"",""proactive_voice"",""relationship_boundaries""],""preferred_interaction"":""depends"",""voice_customization_interest"":""5""}"
ee566979-d93c-4631-b60b-b1746dc72b74,18cd5f49-46f3-45d0-93b2-b4ee558e60a5,1.0,2026-06-19 13:33:10.395467+00,306,true,true,41_plus,woman,"{""gender"":""woman"",""age_group"":""41_plus"",""voice_traits"":[""warmth""],""main_concerns"":[""privacy"",""price""],""memory_content"":[""nickname_preferences""],""memory_control"":""auto_save_deletable"",""one_thing_wish"":""按我的设置要求提醒"",""trial_intention"":""very_interested"",""price_willingness"":""10_30"",""proactive_contact"":""event_followup"",""ai_companion_usage"":""occasional"",""companion_scenarios"":[""share_daily_life""],""preferred_experiences"":[""proactive_voice""],""preferred_interaction"":""voice_messages"",""voice_customization_interest"":""5""}"
f64afda7-7a5c-4e44-8144-fe87e19a173c,c4193ca4-9244-47fd-9d34-b76fd40b788c,1.0,2026-06-20 09:30:06.137377+00,126,true,true,18_20,woman,"{""gender"":""woman"",""age_group"":""18_20"",""voice_traits"":[""warmth"",""emotion"",""distance""],""main_concerns"":[""wrong_memory"",""boundary_crossing""],""memory_content"":[""nickname_preferences"",""ongoing_events"",""important_dates"",""emotional_disclosures""],""memory_control"":""auto_save_deletable"",""one_thing_wish"":""能够记住我跟他说过的心事，然后对症帮我疏导情绪"",""trial_intention"":""somewhat_interested"",""price_willingness"":""10_30"",""proactive_contact"":""event_followup"",""ai_companion_usage"":""frequent"",""companion_scenarios"":[""stressed_or_low""],""preferred_experiences"":[""voice_workshop""],""preferred_interaction"":""text"",""voice_customization_interest"":""3""}"
f74025f0-840e-4949-acb8-d1eb421f46b0,dd34b53c-32d4-400f-a61d-00185c705296,1.0,2026-06-19 13:04:21.81358+00,176,true,true,41_plus,woman,"{""gender"":""woman"",""age_group"":""41_plus"",""voice_traits"":[""distance""],""main_concerns"":[""privacy"",""boundary_crossing"",""price""],""memory_content"":[""relationship_moments""],""memory_control"":""manual_only"",""one_thing_wish"":""知识解答"",""trial_intention"":""somewhat_interested"",""price_willingness"":""free_only"",""proactive_contact"":""user_defined"",""ai_companion_usage"":""frequent"",""companion_scenarios"":[""relax_or_bored""],""preferred_experiences"":[""relationship_boundaries""],""preferred_interaction"":""text"",""voice_customization_interest"":""4""}"
faafd091-ac6c-4377-ad00-89ac17486203,01aa07fa-080b-48e6-96b4-ead5660b5343,1.0,2026-06-19 13:30:47.172346+00,109,true,true,31_40,man,"{""gender"":""man"",""age_group"":""31_40"",""voice_traits"":[""emotion""],""main_concerns"":[""privacy""],""memory_content"":[""nothing_default""],""memory_control"":""no_long_term_memory"",""one_thing_wish"":"""",""trial_intention"":""uncertain"",""price_willingness"":""30_60"",""proactive_contact"":""only_in_app"",""ai_companion_usage"":""occasional"",""companion_scenarios"":[""none""],""preferred_experiences"":[""none""],""preferred_interaction"":""voice_messages"",""voice_customization_interest"":""2""}"
fc2cd0ce-43d5-4bba-bd62-741d759a48fc,f1c431d0-4cf3-4093-83d1-b753695c1946,1.0,2026-06-19 14:18:41.754211+00,269,true,true,41_plus,man,"{""gender"":""man"",""age_group"":""41_plus"",""voice_traits"":[""warmth"",""pace"",""emotion""],""main_concerns"":[""privacy"",""price""],""memory_content"":[""nickname_preferences"",""relationship_moments"",""emotional_disclosures""],""memory_control"":""auto_save_deletable"",""one_thing_wish"":"""",""trial_intention"":""somewhat_interested"",""price_willingness"":""under_10"",""proactive_contact"":""never"",""ai_companion_usage"":""occasional"",""companion_scenarios"":[""relax_or_bored""],""preferred_experiences"":[""situational_call""],""preferred_interaction"":""continuous_call"",""voice_customization_interest"":""3""}"
fd57b1fe-b8ef-475b-bf91-b7f5ba1418ba,3bff4bfd-1e13-4c59-90b0-8b6ce09c8987,1.0,2026-06-19 04:54:03.158605+00,179,true,true,18_20,woman,"{""gender"":""woman"",""age_group"":""18_20"",""voice_traits"":[""warmth"",""accent""],""main_concerns"":[""privacy"",""dependency"",""boundary_crossing""],""memory_content"":[""nickname_preferences"",""ongoing_events"",""relationship_moments"",""emotional_disclosures""],""memory_control"":""auto_save_deletable"",""one_thing_wish"":""陪我聊天"",""trial_intention"":""very_interested"",""price_willingness"":""30_60"",""proactive_contact"":""event_followup"",""ai_companion_usage"":""occasional"",""companion_scenarios"":[""commute_or_alone"",""stressed_or_low"",""share_daily_life""],""preferred_experiences"":[""voice_workshop"",""situational_call"",""relationship_boundaries""],""preferred_interaction"":""continuous_call"",""voice_customization_interest"":""4""}"
ff2cffbe-7462-4af4-ba90-0995c26b5529,e1d397bc-11be-4655-8abf-a1e18a8e8d30,1.0,2026-06-19 12:15:01.924389+00,404,true,true,21_24,man,"{""gender"":""man"",""age_group"":""21_24"",""voice_traits"":[""warmth"",""emotion"",""distance""],""main_concerns"":[""privacy"",""wrong_memory"",""price""],""memory_content"":[""nickname_preferences"",""ongoing_events"",""emotional_disclosures""],""memory_control"":""manual_only"",""one_thing_wish"":"""",""trial_intention"":""somewhat_interested"",""price_willingness"":""30_60"",""proactive_contact"":""only_in_app"",""ai_companion_usage"":""occasional"",""companion_scenarios"":[""share_daily_life""],""preferred_experiences"":[""voice_workshop"",""shared_memory"",""relationship_boundaries""],""preferred_interaction"":""continuous_call"",""voice_customization_interest"":""5""}"